,precision,recall,f1-score,support
Anger,0.0,0.0,0.0,56.0
Anxiety,0.9038642789820923,0.8686594202898551,0.8859122401847574,1104.0
Desire,0.0,0.0,0.0,24.0
Disgust,0.0,0.0,0.0,8.0
Fear,0.6666666666666666,0.010416666666666666,0.020512820512820513,192.0
Happiness,0.0,0.0,0.0,40.0
Relaxation,0.267515923566879,0.5431034482758621,0.3584637268847795,232.0
Sadness,0.37849462365591396,0.5116279069767442,0.43510506798516685,344.0
accuracy,0.6315,0.6315,0.6315,0.6315
macro avg,0.277067686608944,0.24172593027614103,0.21249923194594056,2000.0
weighted avg,0.6590660044006902,0.6315,0.6074126513633,2000.0
