,precision,recall,f1-score,support
Anger,0.0,0.0,0.0,56.0
Anxiety,0.8712871287128713,0.8768115942028986,0.8740406320541761,1104.0
Desire,0.0,0.0,0.0,24.0
Disgust,0.0,0.0,0.0,8.0
Fear,0.3125,0.026041666666666668,0.04807692307692308,192.0
Happiness,0.0,0.0,0.0,40.0
Relaxation,0.2236180904522613,0.38362068965517243,0.28253968253968254,232.0
Sadness,0.3431578947368421,0.4738372093023256,0.3980463980463981,344.0
accuracy,0.6125,0.6125,0.6125,0.6125
macro avg,0.21882038923774683,0.22003889497838292,0.20033795446464747,2000.0
weighted avg,0.595913351436704,0.6125,0.5883243971478734,2000.0
