,precision,recall,f1-score,support
Anger,0.0,0.0,0.0,56.0
Anxiety,0.917228103946102,0.8632246376811594,0.8894073728418106,1104.0
Desire,0.0,0.0,0.0,24.0
Disgust,0.0,0.0,0.0,8.0
Fear,0.5,0.005208333333333333,0.010309278350515462,192.0
Happiness,0.0,0.0,0.0,40.0
Relaxation,0.24511930585683298,0.4870689655172414,0.3261183261183261,232.0
Sadness,0.3473895582329317,0.502906976744186,0.41092636579572445,344.0
accuracy,0.62,0.62,0.62,0.62
macro avg,0.25121712100448335,0.23230111415949,0.20459516788829707,2000.0
weighted avg,0.6424947568737053,0.62,0.6004516212769193,2000.0
