,precision,recall,f1-score,support
Anger,0.21428571428571427,0.21428571428571427,0.21428571428571427,56.0
Anxiety,0.6162387231089521,0.8043478260869565,0.6978388998035364,1104.0
Desire,0.0,0.0,0.0,24.0
Disgust,0.0,0.0,0.0,8.0
Fear,0.40384615384615385,0.109375,0.1721311475409836,192.0
Happiness,0.0,0.0,0.0,40.0
Relaxation,0.3080168776371308,0.3146551724137931,0.3113006396588486,232.0
Sadness,0.3615023474178404,0.2238372093023256,0.2764811490125673,344.0
accuracy,0.5355,0.5355,0.5355,0.5355
macro avg,0.23798622703697392,0.20831261526109868,0.20900469378770625,2000.0
weighted avg,0.48284136748714807,0.5355,0.49139729468607457,2000.0
