,precision,recall,f1-score,support
Anger,0.0,0.0,0.0,56.0
Anxiety,0.8597122302158273,0.8659420289855072,0.8628158844765342,1104.0
Desire,0.0,0.0,0.0,24.0
Disgust,0.0,0.0,0.0,8.0
Fear,0.1111111111111111,0.010416666666666666,0.019047619047619046,192.0
Happiness,0.0,0.0,0.0,40.0
Relaxation,0.23692307692307693,0.33189655172413796,0.2764811490125673,232.0
Sadness,0.3376146788990826,0.5348837209302325,0.41394825646794153,344.0
accuracy,0.6095,0.6095,0.6095,0.6095
macro avg,0.19317013714363723,0.21789237103831804,0.19653661362558278,2000.0
weighted avg,0.5707806194395225,0.6095,0.5813738530575621,2000.0
