,precision,recall,f1-score,support
Anger,0.0,0.0,0.0,180.0
Anxiety,0.6717325227963525,0.8246268656716418,0.7403685092127303,536.0
Desire,0.0,0.0,0.0,40.0
Disgust,0.0,0.0,0.0,20.0
Fear,0.0,0.0,0.0,64.0
Happiness,0.0,0.0,0.0,64.0
Relaxation,0.25773195876288657,0.36764705882352944,0.30303030303030304,136.0
Sadness,0.3105263157894737,0.6145833333333334,0.4125874125874126,192.0
accuracy,0.49512987012987014,0.49512987012987014,0.49512987012987014,0.49512987012987014
macro avg,0.15499884966858912,0.2258571572285631,0.18199827810380576,1232.0
weighted avg,0.3690919084757926,0.49512987012987014,0.4198591114991298,1232.0
