,precision,recall,f1-score,support
Anger,0.0,0.0,0.0,428.0
Anxiety,0.553469387755102,0.9790613718411553,0.7071707953063885,5540.0
Desire,0.0,0.0,0.0,108.0
Disgust,0.0,0.0,0.0,68.0
Fear,0.0,0.0,0.0,920.0
Happiness,0.0,0.0,0.0,160.0
Relaxation,0.0,0.0,0.0,1348.0
Sadness,0.1,0.014005602240896359,0.024570024570024572,1428.0
accuracy,0.5444,0.5444,0.5444,0.5444
macro avg,0.08168367346938775,0.12413337176025645,0.09146760248455163,10000.0
weighted avg,0.32090204081632656,0.5444,0.3952812201083387,10000.0
