,precision,recall,f1-score,support
Anger,0.0,0.0,0.0,56.0
Anxiety,0.9101338432122371,0.8623188405797102,0.8855813953488372,1104.0
Desire,0.0,0.0,0.0,24.0
Disgust,0.0,0.0,0.0,8.0
Fear,0.0,0.0,0.0,192.0
Happiness,0.0,0.0,0.0,40.0
Relaxation,0.2382608695652174,0.5905172413793104,0.3395291201982652,232.0
Sadness,0.35092348284960423,0.3866279069767442,0.367911479944675,344.0
accuracy,0.611,0.611,0.611,0.611
macro avg,0.18741477445338234,0.22993299861697059,0.19912774943647216,2000.0
weighted avg,0.5903909813728521,0.611,0.5915070827260409,2000.0
