,precision,recall,f1-score,support
Anger,0.0,0.0,0.0,56.0
Anxiety,0.8365051903114187,0.8759057971014492,0.8557522123893805,1104.0
Desire,0.0,0.0,0.0,24.0
Disgust,0.0,0.0,0.0,8.0
Fear,0.3333333333333333,0.015625,0.029850746268656716,192.0
Happiness,0.0,0.0,0.0,40.0
Relaxation,0.23306233062330622,0.3706896551724138,0.2861896838602329,232.0
Sadness,0.3562231759656652,0.48255813953488375,0.40987654320987654,344.0
accuracy,0.611,0.611,0.611,0.611
macro avg,0.21989050377921543,0.21809732397609335,0.19770864821601833,2000.0
weighted avg,0.5820564816703011,0.611,0.5789376616406148,2000.0
