,precision,recall,f1-score,support
Anger,0.0,0.0,0.0,56.0
Anxiety,0.880184331797235,0.865036231884058,0.8725445408862493,1104.0
Desire,0.0,0.0,0.0,24.0
Disgust,0.0,0.0,0.0,8.0
Fear,0.0,0.0,0.0,192.0
Happiness,0.0,0.0,0.0,40.0
Relaxation,0.22569444444444445,0.2801724137931034,0.25,232.0
Sadness,0.3397129186602871,0.6191860465116279,0.43872296601441807,344.0
accuracy,0.6165,0.6165,0.6165,0.6165
macro avg,0.1806989618627458,0.22054933652359865,0.19515843836258343,2000.0
weighted avg,0.5704729287171987,0.6165,0.5861049367236896,2000.0
