Epoch,Evaluation Loss,Evaluation Accuracy,Evaluation Time
1,1.15437,0.59741,0:00:24
2,1.15437,0.59741,0:00:24
3,1.15437,0.59741,0:00:24
4,1.15437,0.59741,0:00:24
