Epoch,Evaluation Loss,Evaluation Accuracy,Evaluation Time
1,0.77377,0.49811,0:00:07
2,0.77377,0.49811,0:00:07
3,0.77377,0.49811,0:00:07
4,0.77377,0.49811,0:00:07
