Epoch,Evaluation Loss,Evaluation Accuracy,Evaluation Time
1,0.72341,0.52131,0:00:02
2,0.72341,0.52131,0:00:02
3,0.72341,0.52131,0:00:02
4,0.72341,0.52131,0:00:02
