Epoch,Evaluation Loss,Evaluation Accuracy,Evaluation Time
1,1.52343,0.51473,0:00:06
2,1.52343,0.51473,0:00:06
3,1.52343,0.51473,0:00:06
4,1.52343,0.51473,0:00:06
