Epoch,Evaluation Loss,Evaluation Accuracy,Evaluation Time
1,1.23204,0.48509,0:00:05
2,1.23204,0.48509,0:00:05
3,1.23204,0.48509,0:00:05
4,1.23204,0.48509,0:00:05
