Epoch,Training Loss,Evaluation Loss,Training Accuracy,Evaluation Accuracy,Training Time,Evaluation Time
1,1.02145,0.98304,0.58599,0.57031,0:02:27,0:00:04
2,0.9694,0.91487,0.59331,0.61328,0:02:27,0:00:04
3,0.97007,0.90425,0.59419,0.65234,0:02:27,0:00:04
4,0.9563,0.94854,0.60417,0.5918,0:02:27,0:00:04
