Epoch,Training Loss,Evaluation Loss,Training Accuracy,Evaluation Accuracy,Training Time,Evaluation Time
1,1.03933,1.00651,0.48082,0.5,0:01:05,0:00:01
2,0.88952,0.92409,0.52712,0.5,0:01:05,0:00:01
3,0.83242,0.97719,0.56779,0.40625,0:01:05,0:00:01
4,0.7781,0.97278,0.60863,0.50446,0:01:05,0:00:01
