Epoch,Training Loss,Evaluation Loss,Training Accuracy,Evaluation Accuracy,Training Time,Evaluation Time
1,0.73585,0.74003,0.63654,0.63023,0:02:16,0:00:03
2,0.68156,0.7724,0.65393,0.62007,0:02:16,0:00:03
3,0.65543,0.77255,0.68526,0.63116,0:02:16,0:00:03
4,0.53536,0.95674,0.76707,0.64224,0:02:16,0:00:03
