Epoch,Training Loss,Evaluation Loss,Training Accuracy,Evaluation Accuracy,Training Time,Evaluation Time
1,0.29168,0.26333,0.89435,0.91071,0:02:24,0:00:03
2,0.25341,0.26671,0.90294,0.91071,0:02:26,0:00:03
3,0.23092,0.2706,0.90427,0.91071,0:02:24,0:00:03
4,0.17879,0.30681,0.90542,0.91071,0:02:26,0:00:03
