Epoch,Training Loss,Evaluation Loss,Training Accuracy,Evaluation Accuracy,Training Time,Evaluation Time
1,0.26203,0.26195,0.91426,0.94444,0:00:41,0:00:01
2,0.10214,0.34248,0.97356,0.94444,0:00:41,0:00:01
3,0.0898,0.39149,0.97917,0.94444,0:00:41,0:00:01
4,0.08639,0.39617,0.97917,0.94444,0:00:41,0:00:01
