Epoch,Training Loss,Evaluation Loss,Training Accuracy,Evaluation Accuracy,Training Time,Evaluation Time
1,1.49886,1.39558,0.53639,0.54747,0:00:40,0:00:13
2,1.39527,1.38926,0.55934,0.54747,0:00:40,0:00:13
3,1.38224,1.39267,0.5538,0.54747,0:00:40,0:00:13
4,1.34351,1.39714,0.55854,0.54668,0:00:40,0:00:13
