Epoch,Training Loss,Evaluation Loss,Training Accuracy,Evaluation Accuracy,Training Time,Evaluation Time
1,0.67305,0.36436,0.75105,0.87905,0:10:53,0:00:23
2,0.214,0.21989,0.92948,0.9402,0:10:50,0:00:23
3,0.13166,0.21042,0.96396,0.95638,0:10:51,0:00:23
4,0.11815,0.24968,0.96988,0.94379,0:10:52,0:00:23
