Epoch,Training Loss,Evaluation Loss,Training Accuracy,Evaluation Accuracy,Training Time,Evaluation Time
1,1.05271,0.94405,0.58236,0.65234,0:02:21,0:00:03
2,0.9652,0.91399,0.59605,0.6543,0:02:20,0:00:03
3,0.94675,0.91677,0.59969,0.65117,0:02:20,0:00:03
4,0.89021,0.93942,0.64574,0.58984,0:02:21,0:00:03
