Epoch,Training Loss,Evaluation Loss,Training Accuracy,Evaluation Accuracy,Training Time,Evaluation Time
1,1.35787,1.20696,0.46134,0.51442,0:02:58,0:00:04
2,1.23239,1.20024,0.47182,0.51923,0:02:58,0:00:04
3,1.20738,1.22612,0.49115,0.45994,0:02:58,0:00:04
4,1.15484,1.23196,0.52467,0.46635,0:02:58,0:00:04
