Epoch,Training Loss,Evaluation Loss,Training Accuracy,Evaluation Accuracy,Training Time,Evaluation Time
1,1.45991,1.39234,0.5422,0.53906,0:00:17,0:00:00
2,1.38029,1.37782,0.55461,0.53906,0:00:17,0:00:00
3,1.36228,1.41396,0.55355,0.53906,0:00:17,0:00:00
4,1.31772,1.4124,0.55408,0.53906,0:00:17,0:00:00
