Epoch,Training Loss,Evaluation Loss,Training Accuracy,Evaluation Accuracy,Training Time,Evaluation Time
1,1.03068,0.92994,0.57868,0.59375,0:02:28,0:00:04
2,0.95736,0.95797,0.59863,0.63281,0:02:27,0:00:04
3,0.92747,0.93763,0.62035,0.63477,0:02:27,0:00:04
4,0.81529,1.00202,0.68152,0.59375,0:02:27,0:00:04
