Epoch,Training Loss,Evaluation Loss,Training Accuracy,Evaluation Accuracy,Training Time,Evaluation Time
1,1.06222,0.93322,0.5789,0.59961,0:05:59,0:00:07
2,0.95193,0.92167,0.60372,0.63867,0:03:01,0:00:04
3,0.885,0.948,0.65581,0.63086,0:02:27,0:00:04
4,0.76278,0.9897,0.72784,0.59766,0:02:27,0:00:04
