Epoch,Training Loss,Evaluation Loss,Training Accuracy,Evaluation Accuracy,Training Time,Evaluation Time
1,1.07581,0.93369,0.57491,0.61523,0:02:27,0:00:04
2,0.96,0.92254,0.59486,0.61328,0:02:27,0:00:04
3,0.91694,0.93732,0.63409,0.63086,0:02:27,0:00:04
4,0.85476,0.95954,0.67243,0.59766,0:02:27,0:00:04
