Epoch,Training Loss,Evaluation Loss,Training Accuracy,Evaluation Accuracy,Training Time,Evaluation Time
1,1.04895,0.93259,0.57026,0.58008,0:02:27,0:00:04
2,0.95754,0.91373,0.60217,0.65039,0:02:27,0:00:04
3,0.92729,0.91832,0.61813,0.64453,0:02:27,0:00:04
4,0.83797,0.9473,0.6844,0.5957,0:02:27,0:00:04
