Epoch,Training Loss,Evaluation Loss,Training Accuracy,Evaluation Accuracy,Training Time,Evaluation Time
1,0.33619,0.17181,0.9078,0.94922,0:02:28,0:00:04
2,0.17649,0.17776,0.94659,0.94922,0:02:27,0:00:04
3,0.16291,0.177,0.94614,0.94922,0:02:27,0:00:04
4,0.10792,0.21403,0.96166,0.94922,0:02:27,0:00:04
