Epoch,Training Loss,Evaluation Loss,Training Accuracy,Evaluation Accuracy,Training Time,Evaluation Time
1,1.09735,0.94004,0.56937,0.58203,0:02:27,0:00:04
2,0.95049,0.92079,0.6086,0.62695,0:02:27,0:00:04
3,0.89653,0.94068,0.6516,0.63086,0:02:27,0:00:04
4,0.81171,0.96784,0.70346,0.62109,0:02:27,0:00:04
