Epoch,Training Loss,Evaluation Loss,Training Accuracy,Evaluation Accuracy,Training Time,Evaluation Time
1,1.34061,2.79878,0.41941,0.16211,0:10:53,0:00:04
2,0.96314,3.85,0.58295,0.10352,0:10:53,0:00:04
3,0.85587,4.1025,0.6257,0.11523,0:10:53,0:00:04
4,0.82059,4.22664,0.63502,0.17188,0:10:53,0:00:04
