Epoch,Training Loss,Evaluation Loss,Training Accuracy,Evaluation Accuracy,Training Time,Evaluation Time
1,0.38898,0.33721,0.76108,0.81696,0:02:25,0:00:03
2,0.34192,0.35024,0.80473,0.8125,0:02:23,0:00:03
3,0.28371,0.45387,0.85582,0.79018,0:02:23,0:00:03
4,0.22149,0.4938,0.89401,0.79018,0:02:25,0:00:03
