Epoch,Training Loss,Evaluation Loss,Training Accuracy,Evaluation Accuracy,Training Time,Evaluation Time
1,1.11949,1.11996,0.60129,0.59698,0:00:18,0:00:24
2,1.10272,1.11928,0.59983,0.59698,0:00:18,0:00:24
3,1.06474,1.12996,0.60121,0.59655,0:00:18,0:00:24
4,1.00032,1.14629,0.60672,0.59224,0:00:18,0:00:24
