Epoch,Training Loss,Evaluation Loss,Training Accuracy,Evaluation Accuracy,Training Time,Evaluation Time
1,1.03885,0.92961,0.57558,0.57617,0:02:27,0:00:04
2,0.96395,0.91615,0.59331,0.64258,0:02:27,0:00:04
3,0.93711,0.93116,0.6148,0.61914,0:02:27,0:00:04
4,0.8241,1.01701,0.69127,0.61523,0:02:27,0:00:04
