Epoch,Training Loss,Evaluation Loss,Training Accuracy,Evaluation Accuracy,Training Time,Evaluation Time
1,1.12869,1.12106,0.59353,0.59569,0:01:15,0:00:05
2,1.11413,1.11508,0.59983,0.59612,0:01:14,0:00:05
3,1.10654,1.11543,0.60078,0.59612,0:01:14,0:00:05
4,1.09142,1.11875,0.60069,0.5944,0:01:14,0:00:05
