Epoch,Training Loss,Evaluation Loss,Training Accuracy,Evaluation Accuracy,Training Time,Evaluation Time
1,1.03529,0.93851,0.58378,0.57422,0:02:27,0:00:04
2,0.96737,0.90842,0.59663,0.65625,0:02:27,0:00:04
3,0.94247,0.96055,0.61303,0.60938,0:02:27,0:00:04
4,0.80699,1.09195,0.70368,0.58789,0:02:27,0:00:04
