Epoch,Training Loss,Evaluation Loss,Training Accuracy,Evaluation Accuracy,Training Time,Evaluation Time
1,1.02007,0.94996,0.57735,0.53906,0:02:27,0:00:04
2,0.96819,0.91281,0.58754,0.65234,0:02:27,0:00:04
3,0.95926,0.92788,0.59996,0.56641,0:02:27,0:00:04
4,0.92853,0.95566,0.61525,0.61328,0:02:27,0:00:04
