Epoch,Training Loss,Evaluation Loss,Training Accuracy,Evaluation Accuracy,Training Time,Evaluation Time
1,1.43027,1.39378,0.54752,0.53906,0:01:13,0:00:02
2,1.38343,1.3744,0.55461,0.53906,0:01:12,0:00:02
3,1.36862,1.3893,0.55355,0.53906,0:01:12,0:00:02
4,1.34049,1.36962,0.55408,0.53906,0:01:12,0:00:02
