Epoch,Training Loss,Evaluation Loss,Training Accuracy,Evaluation Accuracy,Training Time,Evaluation Time
1,1.12185,0.9326,0.56507,0.65234,0:02:20,0:00:03
2,0.96732,0.92109,0.59326,0.65234,0:02:20,0:00:03
3,0.94935,0.92071,0.6051,0.64648,0:02:20,0:00:03
4,0.91941,0.92902,0.62571,0.61055,0:02:20,0:00:03
