Epoch,Training Loss,Evaluation Loss,Training Accuracy,Evaluation Accuracy,Training Time,Evaluation Time
1,1.03015,0.92774,0.48089,0.49306,0:01:35,0:00:03
2,0.8776,0.89645,0.49482,0.48611,0:01:35,0:00:03
3,0.86253,0.91222,0.52269,0.48264,0:01:34,0:00:03
4,0.82003,0.94501,0.57922,0.51505,0:01:35,0:00:03
