Epoch,Training Loss,Evaluation Loss,Training Accuracy,Evaluation Accuracy,Training Time,Evaluation Time
1,0.37824,0.3815,0.79315,0.76786,0:01:05,0:00:01
2,0.32534,0.42373,0.83102,0.75893,0:01:05,0:00:01
3,0.27371,0.43171,0.85979,0.76339,0:01:05,0:00:01
4,0.23093,0.47336,0.88872,0.75893,0:01:05,0:00:01
