Epoch,Training Loss,Evaluation Loss,Training Accuracy,Evaluation Accuracy,Training Time,Evaluation Time
1,1.29674,1.0687,0.43373,0.44408,0:01:40,0:00:02
2,1.08041,1.03303,0.4759,0.51645,0:01:40,0:00:02
3,1.06917,1.04727,0.48117,0.49671,0:01:40,0:00:02
4,1.04111,1.02765,0.5064,0.50329,0:01:41,0:00:02
