Epoch,Training Loss,Evaluation Loss,Training Accuracy,Evaluation Accuracy,Training Time,Evaluation Time
1,1.31478,1.20154,0.55629,0.58203,0:02:27,0:00:04
2,1.11374,1.22364,0.60838,0.54492,0:02:27,0:00:04
3,0.8618,1.35462,0.70545,0.53125,0:02:27,0:00:04
4,0.58613,1.57429,0.80962,0.52148,0:02:27,0:00:04
