Epoch,Training Loss,Evaluation Loss,Training Accuracy,Evaluation Accuracy,Training Time,Evaluation Time
1,1.08428,0.93706,0.57283,0.64922,0:02:21,0:00:03
2,0.9577,0.92445,0.60022,0.64297,0:02:20,0:00:03
3,0.92059,0.95817,0.63147,0.6082,0:02:20,0:00:03
4,0.83767,0.97435,0.68688,0.60312,0:02:21,0:00:03
