Epoch,Training Loss,Evaluation Loss,Training Accuracy,Evaluation Accuracy,Training Time,Evaluation Time
1,0.21854,0.16802,0.92309,0.94922,0:02:27,0:00:04
2,0.17422,0.17369,0.94548,0.94922,0:02:27,0:00:04
3,0.16898,0.17956,0.94614,0.94727,0:02:27,0:00:04
4,0.11439,0.26029,0.96166,0.94922,0:02:27,0:00:04
