Epoch,Training Loss,Evaluation Loss,Training Accuracy,Evaluation Accuracy,Training Time,Evaluation Time
1,1.0577,0.9307,0.57824,0.61133,0:02:27,0:00:04
2,0.95523,0.92009,0.60727,0.60938,0:02:27,0:00:04
3,0.923,0.94273,0.64029,0.60938,0:02:27,0:00:04
4,0.79209,1.12865,0.71543,0.5918,0:02:27,0:00:04
