Epoch,Training Loss,Evaluation Loss,Training Accuracy,Evaluation Accuracy,Training Time,Evaluation Time
1,1.07605,0.93255,0.5727,0.60938,0:02:30,0:00:04
2,0.9554,0.90936,0.60217,0.64648,0:02:29,0:00:04
3,0.89777,0.93086,0.64871,0.64453,0:02:29,0:00:04
4,0.81847,0.95756,0.6988,0.63672,0:02:30,0:00:04
