Epoch,Training Loss,Evaluation Loss,Training Accuracy,Evaluation Accuracy,Training Time,Evaluation Time
1,1.20556,1.04846,0.43976,0.44079,0:01:27,0:00:02
2,1.08227,1.03472,0.46047,0.44408,0:01:26,0:00:02
3,1.06964,1.02309,0.4808,0.52303,0:01:26,0:00:02
4,1.04393,1.02139,0.51845,0.52632,0:01:27,0:00:02
