Epoch,Training Loss,Evaluation Loss,Training Accuracy,Evaluation Accuracy,Training Time,Evaluation Time
1,0.70684,0.71683,0.49288,0.48611,0:00:40,0:00:01
2,0.68632,0.69013,0.54826,0.51957,0:00:40,0:00:01
3,0.65134,0.74031,0.63528,0.46907,0:00:40,0:00:01
4,0.59466,0.7253,0.7057,0.52146,0:00:40,0:00:01
