Epoch,Training Loss,Evaluation Loss,Training Accuracy,Evaluation Accuracy,Training Time,Evaluation Time
1,0.32007,0.36289,0.85949,0.80859,0:02:25,0:00:04
2,0.29805,0.37947,0.85926,0.80469,0:02:25,0:00:04
3,0.2558,0.41185,0.87965,0.80859,0:02:25,0:00:04
4,0.17368,0.60121,0.92664,0.79688,0:02:25,0:00:04
