Epoch,Training Loss,Evaluation Loss,Training Accuracy,Evaluation Accuracy,Training Time,Evaluation Time
1,1.3715,1.21374,0.42505,0.43347,0:02:19,0:00:03
2,1.24392,1.22436,0.43266,0.45565,0:02:19,0:00:03
3,1.22084,1.225,0.45826,0.43548,0:02:19,0:00:03
4,1.19099,1.2382,0.48801,0.45363,0:02:19,0:00:03
