Epoch,Training Loss,Evaluation Loss,Training Accuracy,Evaluation Accuracy,Training Time,Evaluation Time
1,1.02128,0.94962,0.58688,0.57422,0:02:27,0:00:04
2,0.96539,0.91047,0.59508,0.65234,0:02:27,0:00:04
3,0.95844,0.93696,0.61015,0.61914,0:02:27,0:00:04
4,0.89479,0.98861,0.66046,0.58203,0:02:27,0:00:04
