Epoch,Training Loss,Evaluation Loss,Training Accuracy,Evaluation Accuracy,Training Time,Evaluation Time
1,0.92375,0.8344,0.51345,0.56618,0:01:17,0:00:03
2,0.81233,0.8376,0.55729,0.5625,0:01:16,0:00:03
3,0.78813,0.84084,0.57075,0.56618,0:01:16,0:00:03
4,0.71886,0.96864,0.64062,0.47426,0:01:17,0:00:03
