Epoch,Training Loss,Evaluation Loss,Training Accuracy,Evaluation Accuracy,Training Time,Evaluation Time
1,0.22392,0.26559,0.92388,0.95139,0:00:40,0:00:01
2,0.09968,0.32535,0.97676,0.94444,0:00:40,0:00:01
3,0.09713,0.33971,0.97756,0.95139,0:00:41,0:00:01
4,0.09146,0.34792,0.97756,0.94444,0:00:41,0:00:01
