Epoch,Training Loss,Evaluation Loss,Training Accuracy,Evaluation Accuracy,Training Time,Evaluation Time
1,2.11928,2.18054,0.125,0.0,0:00:08,0:00:00
2,2.0624,2.18605,0.15625,0.07292,0:00:08,0:00:00
3,1.96839,2.17164,0.23438,0.11458,0:00:08,0:00:00
4,1.80746,2.12863,0.41016,0.14583,0:00:08,0:00:00