,precision,recall,f1-score,support
Anger,0.0,0.0,0.0,192.0
Anxiety,0.8394226432115471,0.8367805755395683,0.8380995271335284,2224.0
Desire,0.0,0.0,0.0,68.0
Disgust,0.0,0.0,0.0,20.0
Fear,0.15151515151515152,0.013888888888888888,0.02544529262086514,360.0
Happiness,0.0,0.0,0.0,92.0
Relaxation,0.2462962962962963,0.2618110236220472,0.2538167938931298,508.0
Sadness,0.2553719008264463,0.5764925373134329,0.3539518900343643,536.0
accuracy,0.577,0.577,0.577,0.577
macro avg,0.18657574898118015,0.21112162817049215,0.18391418796023595,4000.0
weighted avg,0.5458548176023573,0.577,0.547937699511152,4000.0
