,precision,recall,f1-score,support
Anger,0.0,0.0,0.0,168.0
Anxiety,0.8596892138939671,0.848826714801444,0.8542234332425068,2216.0
Desire,0.0,0.0,0.0,44.0
Disgust,0.0,0.0,0.0,28.0
Fear,0.0,0.0,0.0,368.0
Happiness,0.0,0.0,0.0,64.0
Relaxation,0.2917981072555205,0.3425925925925926,0.3151618398637138,540.0
Sadness,0.293015332197615,0.6013986013986014,0.3940435280641466,572.0
accuracy,0.6025,0.6025,0.6025,0.6025
macro avg,0.18056283166838782,0.22410223859907974,0.19542860014629593,4000.0
weighted avg,0.557561761481012,0.6025,0.572134854911123,4000.0
