,precision,recall,f1-score,support
Anger,0.0,0.0,0.0,180.0
Anxiety,0.8103146853146853,0.8145869947275922,0.8124452234881683,2276.0
Desire,0.0,0.0,0.0,36.0
Disgust,0.0,0.0,0.0,32.0
Fear,0.125,0.012048192771084338,0.021978021978021976,332.0
Happiness,0.0,0.0,0.0,64.0
Relaxation,0.24063400576368876,0.328740157480315,0.2778702163061565,508.0
Sadness,0.29310344827586204,0.5052447552447552,0.3709884467265725,572.0
accuracy,0.5785,0.5785,0.5785,0.5785
macro avg,0.18363151741927952,0.20757751252796836,0.1854102385623649,4000.0
weighted avg,0.5439183677794927,0.5785,0.5524463733417253,4000.0
