,precision,recall,f1-score,support
Anger,0.0,0.0,0.0,172.0
Anxiety,0.8159139784946237,0.8560469314079422,0.8354987888130367,2216.0
Desire,0.0,0.0,0.0,40.0
Disgust,0.0,0.0,0.0,28.0
Fear,0.0,0.0,0.0,368.0
Happiness,0.0,0.0,0.0,64.0
Relaxation,0.2828096118299446,0.2833333333333333,0.28307123034227566,540.0
Sadness,0.28773168578993824,0.5699300699300699,0.3824046920821115,572.0
accuracy,0.594,0.594,0.594,0.594
macro avg,0.17330690951431332,0.21366379183391818,0.18762183890467798,4000.0
weighted avg,0.5313412727510252,0.594,0.5557648160663715,4000.0
