,precision,recall,f1-score,support
Anger,0.0,0.0,0.0,172.0
Anxiety,0.8334786399302528,0.8628158844765343,0.8478935698447894,2216.0
Desire,0.0,0.0,0.0,44.0
Disgust,0.0,0.0,0.0,24.0
Fear,0.10526315789473684,0.005434782608695652,0.0103359173126615,368.0
Happiness,0.0,0.0,0.0,64.0
Relaxation,0.2815533980582524,0.32222222222222224,0.30051813471502586,540.0
Sadness,0.2862488306828812,0.534965034965035,0.37294332723948814,572.0
accuracy,0.5985,0.5985,0.5985,0.5985
macro avg,0.18831800332076543,0.21567974053406092,0.1914613686389956,4000.0
weighted avg,0.5503746685731921,0.5985,0.5645847860685536,4000.0
